title,url,price,log_price,brand,cpu_family,ram_gb,storage_gb,outlier_flag
"Microsoft Surface Pro Snapdragon X Plus 8 Core 12"" Touch Laptop",https://www.startech.com.bd/microsoft-surface-pro-12-inch-laptop,185000,12.128111104060462,Microsoft,Qualcomm,16,512,FALSE
"HP 15-fc0626AU Ryzen 3 7320U 15.6"" FHD Copilot+PC Laptop",https://www.startech.com.bd/hp-15-fc0626au-laptop,52000,10.858998997563564,HP,AMD,8,512,FALSE
"Lenovo Legion Pro 5 16ADR10 Ryzen 7 8745HX RTX 5060 8GB Graphics 16"" WQXGA OLED 165Hz Gaming Laptop",https://www.startech.com.bd/lenovo-legion-pro-5-16adr10-laptop,210000,12.254862809699606,Lenovo,AMD,32,1024,FALSE
"MSI Thin A15 B7VE Ryzen 7 7735HS RTX 4050 6GB GDDR6 Graphics 15.6"" FHD Gaming Laptop",https://www.startech.com.bd/msi-thin-a15-b7ve-ryzen-7-7735hs-laptop,135000,11.813030057420567,MSI,AMD,16,512,FALSE
"Walton Prelude N41 Pro Celeron N4120 14"" FHD Laptop",https://www.startech.com.bd/walton-prelude-n41-pro-celeron-n4120-laptop,33000,10.404262840448617,Walton,Intel,8,256,FALSE
"Lenovo Legion 5 15AHP10 Ryzen 7 260 RTX 5050 8GB Graphics 15.1"" WQXGA OLED Gaming Laptop",https://www.startech.com.bd/lenovo-legion-5-15ahp10-laptop,175000,12.072541252905651,Lenovo,AMD,4,512,FALSE
"HP 15-fc0618AU Ryzen 5 7520U 15.6"" FHD Copilot+PC Laptop With Fingerprint",https://www.startech.com.bd/hp-15-fc0618au-laptop,66500,11.104957226643945,HP,AMD,16,512,FALSE
"Lenovo Legion 5 15AKP10 Ryzen AI 7 350 RTX 5070 8GB Graphics 15.1"" WQXGA OLED Gaming Laptop",https://www.startech.com.bd/lenovo-legion-5-15akp10-laptop,230000,12.345834587905333,Lenovo,AMD,32,512,FALSE
"HP 15-fc0619AU Ryzen 5 7520U 15.6"" FHD Laptop Copilot+PC",https://www.startech.com.bd/hp-15-fc0619au-laptop,65000,11.082142548877775,HP,AMD,16,512,FALSE
"Walton Prelude N50 Pro Pentium Silver N5030 14"" FHD Laptop",https://www.startech.com.bd/walton-prelude-n50-pro-pentium-silver-n5030-laptop,35400,10.474467099121865,Walton,Intel,8,256,FALSE
"HP 15-fc0620AU Ryzen 5 7520U 15.6"" FHD Copilot+PC Laptop",https://www.startech.com.bd/hp-15-fc0620au-laptop,65000,11.082142548877775,HP,AMD,16,512,FALSE
"HP 15-fd0333TU Core 5 120U 15.6"" FHD Laptop",https://www.startech.com.bd/hp-15-fd0333tu-laptop,70000,11.156250521031495,HP,Intel,8,512,FALSE
"HP 14-ep0408TU Core i5 13th Gen 14"" FHD Laptop",https://www.startech.com.bd/hp-14-ep0408tu-core-i5-laptop,75000,11.225243392518447,HP,Intel,16,512,FALSE
"Lenovo IdeaPad Slim 5 14Q8X9 Snapdragon X Plus 14"" WUXGA OLED Copilot+ PC Laptop",https://www.startech.com.bd/lenovo-ideapad-slim-5-14q8x9-snapdragon-x-plus-oled-laptop,113000,11.635143097694478,Lenovo,Qualcomm,16,512,FALSE
"HP 15-fd0800TU Core 5 120u 15.6"" FHD Copilot+PC Laptop",https://www.startech.com.bd/hp-15-fd0800tu-laptop,79000,11.27720313144916,HP,Intel,16,512,FALSE
"Lenovo IdeaPad Slim 3 15AMN8 Ryzen 3 7320U 15.6"" FHD IPS Laptop Arctic Grey",https://www.startech.com.bd/lenovo-ideapad-slim-3-15amn8-laptop-arctic-grey,51500,10.849337086651827,Lenovo,AMD,8,512,FALSE
"HP 15-fr0067TU Core i5 13th Gen 15.6"" FHD Laptop",https://www.startech.com.bd/hp-15-fr0067tu-laptop,78000,11.26446410567173,HP,Intel,16,512,FALSE
"Lenovo IdeaPad Slim 3 15AMN8 Ryzen 3 7320U 15.6"" FHD IPS Laptop Abyss Blue",https://www.startech.com.bd/lenovo-ideapad-slim-3-15amn8-ryzen-3-laptop,51500,10.849337086651827,Lenovo,AMD,8,512,FALSE
"HP 15-fd1191TU Intel Core 5 120U 15.6"" FHD Laptop",https://www.startech.com.bd/hp-15-fd1191tu-laptop,75500,11.231887935237117,HP,Intel,16,512,FALSE
"Walton Passion BX311G Core i3 11th Gen 15.6"" FHD Laptop",https://www.startech.com.bd/walton-passion-bx311g-laptop,37800,10.54006438160768,Walton,Intel,8,512,FALSE
"Lenovo IdeaPad Flex 5 14ABR8 Ryzen 5 5625U 14"" WUXZA Touch Laptop",https://www.startech.com.bd/lenovo-ideapad-flex-5-14abr8-ryzen-5-laptop,85000,11.350406535472453,Lenovo,AMD,16,512,FALSE
"HP 15-fd0802TU Core i7 13th Gen 15.6"" FHD Laptop",https://www.startech.com.bd/hp-15-fd0802tu-laptop,89000,11.396391648714276,HP,Intel,16,512,FALSE
"Lenovo IdeaPad Slim 3 15AHP10 Ryzen 5 8640HS 15.3"" WUXGA AI Integrated Laptop",https://www.startech.com.bd/lenovo-ideapad-slim-3-15ahp10-laptop,87000,11.37366339763672,Lenovo,AMD,4,512,FALSE
"Smart Flairedge Core i3 12th Gen 15.6"" FHD Laptop",https://www.startech.com.bd/smart-flairedge-core-i3-12th-gen-laptop,44000,10.691944912900398,Smart,Intel,8,512,FALSE
"Acer Aspire Lite AL15-41 AMD Ryzen 3 5300U 15.6"" FHD Laptop",https://www.startech.com.bd/acer-aspire-lite-al15-41-ryzen-3-laptop,47500,10.768484990022733,Acer,AMD,8,512,FALSE
"Smart Flairedge Core i3 13th Gen 15.6"" FHD Laptop",https://www.startech.com.bd/smart-flairedge-core-i3-1315u-laptop,46500,10.747207591575448,Smart,Intel,8,512,FALSE
"Lenovo IdeaPad Flex 5 14ABR8 Ryzen 7 5825U 14"" WUXZA Touch Laptop",https://www.startech.com.bd/lenovo-ideapad-flex-5-14abr8-ryzen-7-laptop,95000,11.461632170582678,Lenovo,AMD,16,1024,FALSE
"Lenovo IdeaPad Pro 5 16AHP9 Ryzen 7 8845HS 512GB SSD AI Integrated RTX 3050 6GB Graphics 16"" OLED Laptop",https://www.startech.com.bd/lenovo-ideapad-pro-5-16ahp9-ryzen-7-8845hs-512gb-16-2k-oled-laptop,170000,12.043553716032399,Lenovo,AMD,16,512,FALSE
"Chuwi MiniBook X Intel Celeron N150 10.5"" FHD+ Touch Laptop",https://www.startech.com.bd/chuwi-minibook-x-n150-touch-laptop,49500,10.809727948556782,Chuwi,Intel,16,512,FALSE
"Lenovo IdeaPad 1 14IGL7 Intel Celeron N4020 14"" HD Laptop",https://www.startech.com.bd/lenovo-ideapad-1-14igl7-intel-celeron-n4020-laptop,36600,10.507803519389457,Lenovo,Intel,8,512,FALSE
"Lenovo IdeaPad 1 14IGL7 Intel Celeron N4500 14"" HD Laptop",https://www.startech.com.bd/lenovo-ideapad-1-14igl7-laptop,37100,10.521372248595526,Lenovo,Intel,8,512,FALSE
"Chuwi CoreBook X Core i3 12th Gen 14"" 2K QHD Laptop",https://www.startech.com.bd/chuwi-corebook-x-laptop,51900,10.85707406915398,Chuwi,Intel,16,512,FALSE
"Lenovo IdeaPad 1 15IJL7 Intel Celeron N4500 15.6"" HD Laptop",https://www.startech.com.bd/lenovo-ideapad-1-15ijl7-laptop,37100,10.521372248595526,Lenovo,Intel,8,512,FALSE
"HP 15-fc0266AU Ryzen 3 7320U 15.6"" FHD Laptop",https://www.startech.com.bd/hp-15-fc0266au-laptop,51500,10.849337086651827,HP,AMD,8,512,FALSE
"Lenovo IdeaPad 1 15IGL7 Intel Celeron N4020 15.6"" FHD Laptop",https://www.startech.com.bd/lenovo-ideapad-1-15igl7-celeron-n4020-laptop,34599,10.451580058894049,Lenovo,Intel,8,256,FALSE
"Acer Aspire Lite AL15-52 Core i3 12th Gen 16GB RAM 15.6"" FHD Laptop",https://www.startech.com.bd/acer-aspire-lite-al15-52-core-i3-12th-gen-16gb-ram-fhd-laptop,48500,10.789319076925574,Acer,Intel,16,512,FALSE
"Lenovo IdeaPad SLIM 3i Intel Core i3 12th Gen 15.6"" FHD Laptop",https://www.startech.com.bd/lenovo-ideapad-slim-3i-laptop,51500,10.849337086651827,Lenovo,Intel,8,512,FALSE
"ASUS Vivobook Go 15 E1504GA Core i3 N305 512GB SSD 15.6"" FHD Laptop",https://www.startech.com.bd/asus-vivobook-go-15-e1504ga-512gb-ssd-laptop,52000,10.858998997563564,ASUS,Intel,8,512,FALSE
"Lenovo IdeaPad Slim 3 14IRU10 Core 3 100U 14"" WUXGA Laptop",https://www.startech.com.bd/lenovo-ideapad-slim-3-14iru10-core-3-100u-laptop,59500,10.993731591533722,Lenovo,Intel,8,512,FALSE
"ASUS Vivobook Go 14 E1404GA Core i3-N305 14"" FHD Laptop with Windows 11",https://www.startech.com.bd/asus-vivobook-go-14-e1404ga-core-i3-14-inch-laptop,53000,10.87804719253426,ASUS,Intel,8,512,FALSE
"ASUS Vivobook Go 15 E1504GA Core i3-N305 15.6"" FHD Laptop with Windows 11",https://www.startech.com.bd/asus-vivobook-go-15-e1504ga-core-i3-15-6-inch-laptop,53000,10.87804719253426,ASUS,Intel,8,512,FALSE
"ASUS Vivobook Go 15 E1504GA Core i3-N305 15.6"" FHD Laptop with Backlit Keyboard",https://www.startech.com.bd/asus-vivobook-go-15-e1504ga-core-i3-laptop,54000,10.896739325546411,ASUS,Intel,8,512,FALSE
"Lenovo IdeaPad Slim 3 14IRU10 Core 3 100U 14"" WUXGA Laptop",https://www.startech.com.bd/lenovo-ideapad-slim-3-14iru10-core-3-100u-laptop,59500,10.993731591533722,Lenovo,Intel,8,512,FALSE
"ASUS Vivobook Go 15 E1504GA Core i3-N305 15.6"" FHD Laptop",https://www.startech.com.bd/asus-vivobook-go-15-e1504ga-core-i3-n305-laptop,52000,10.858998997563564,ASUS,Intel,8,512,FALSE
"Lenovo IdeaPad Slim 3 15IRU10 Core 3 100U 15.3"" WUXGA Laptop",https://www.startech.com.bd/lenovo-ideapad-slim-3-15iru10-laptop,59500,10.993731591533722,Lenovo,Intel,8,512,FALSE
"Lenovo IdeaPad Slim 3 15IAN8 Core i3 N305 15.6"" FHD Laptop",https://www.startech.com.bd/lenovo-ideapad-slim-3-15ian8-core-i3-n305-laptop,52500,10.868568448579715,Lenovo,Intel,8,512,FALSE
"Smart Flairedge Core i5 12th Gen 15.6"" FHD Laptop",https://www.startech.com.bd/smart-flairedge-core-i5-12th-gen-laptop,48500,10.789319076925574,Smart,Intel,8,512,FALSE
"Lenovo IdeaPad Slim 3i 15IRU8 Core i3 13th Gen 512GB SSD Abyss Blue 15.6"" FHD Military Grade Laptop",https://www.startech.com.bd/lenovo-ideapad-slim-3i-15iru8-core-i3-13th-gen-512gb-ssd-abyss-blue-laptop,57500,10.959540226785442,Lenovo,Intel,8,512,FALSE
Tecno MEGABOOK K16S AMD Ryzen 5 7430U 16″ FHD Laptop,https://www.startech.com.bd/tecno-megabook-k16s-laptop,58500,10.976782033219948,Tecno,AMD,16,512,FALSE
Tecno MEGABOOK K15SDA AMD Ryzen 5 7430U 15.6″ FHD Laptop,https://www.startech.com.bd/tecno-megabook-k15sda-laptop,50000,10.819778284410283,Tecno,AMD,16,512,FALSE
"Acer Aspire Lite AL15-41 AMD Ryzen 5 5625U 15.6"" FHD Laptop",https://www.startech.com.bd/acer-aspire-lite-al15-41-ryzen-5-5625u-laptop,53900,10.89488575689709,Acer,AMD,8,512,FALSE
"Lenovo IdeaPad Slim 3i 15IRU8 Core i3 13th Gen 15.6"" FHD Military Grade Laptop",https://www.startech.com.bd/lenovo-ideapad-slim-3i-15iru8-core-i3-13th-gen-laptop,57500,10.959540226785442,Lenovo,Intel,8,512,FALSE
"Acer Aspire 3 A325-53 Core i3 13th Gen 15.6"" FHD Laptop Blue",https://www.startech.com.bd/acer-aspire-3-a325-53-core-i3-laptop,53800,10.893028746149875,Acer,Intel,8,512,FALSE
"Lenovo IdeaPad Slim 3 15IRU8 Core i3 13th Gen 15.6"" FHD Military Grade Laptop",https://www.startech.com.bd/lenovo-ideapad-slim-3-15iru8-core-i3-13th-gen-fhd-laptop,57500,10.959540226785442,Lenovo,Intel,8,512,FALSE
"Lenovo V14 Gen 4 Note PC Core i3 13th Gen 14"" FHD IPS Laptop",https://www.startech.com.bd/lenovo-v14-gen-4-i3-13th-gen-14-inch-laptop,58500,10.976782033219948,Lenovo,Intel,8,512,FALSE
"Chuwi CoreBook X Ryzen 5 7430U 14"" 2K QHD Laptop",https://www.startech.com.bd/chuwi-corebook-x-7430u-laptop,54900,10.913268627497622,Chuwi,AMD,16,512,FALSE
"Lenovo V15 Gen 4 Core i3 13th Gen 15.6"" FHD Laptop",https://www.startech.com.bd/lenovo-v15-gen-4-laptop,55500,10.924138299734526,Lenovo,Intel,8,512,FALSE
"Lenovo ThinkBook 14 G8 IRL Core 3 100U 14"" WUXGA Laptop",https://www.startech.com.bd/lenovo-thinkbook-14-g8-irl-laptop,61000,11.018629143155449,Lenovo,Intel,8,512,FALSE
"Acer TravelLite TL14-52M Core i3 13th Gen 8GB RAM 512GB Storage 14"" FHD Laptop",https://www.startech.com.bd/acer-travellite-tl14-52m-core-i3-13th-gen-14-inch-fhd-laptop,56000,10.933106969717286,Acer,Intel,8,512,FALSE
"Lenovo IdeaPad Slim 3 15IAH8 Core i5 12th Gen 15.6"" FHD Military Grade Laptop",https://www.startech.com.bd/lenovo-ideapad-slim-3-15iah8-core-i5-12th-gen-laptop,66800,11.109458359524737,Lenovo,Intel,8,512,FALSE
"Acer Aspire Lite AL15-41 AMD Ryzen 5 5500U 15.6"" FHD Laptop",https://www.startech.com.bd/acer-aspire-lite-al15-41-amd-ryzen-5-5500u-15-6-fhd-laptop,56000,10.933106969717286,Acer,AMD,8,512,FALSE
"Asus ExpertBook B1 B1403CTA Core 3 N355 14"" FHD Laptop",https://www.startech.com.bd/asus-expertbook-b1-b1403cta-laptop,56000,10.933106969717286,ASUS,Intel,8,512,FALSE
"Lenovo LOQ 15IAX9 Core i5 12th Gen RTX 2050 4GB Graphics 15.6"" FHD 144Hz Gaming Laptop",https://www.startech.com.bd/lenovo-loq-15iax9-i5-12th-gen-gaming-laptop,96500,11.477298287327077,Lenovo,Intel,16,512,FALSE
"MSI Modern 15 F13MG Core i3 13th Gen 15.6"" FHD Laptop Platinum Gray",https://www.startech.com.bd/msi-modern-15-f13mg-core-i3-13th-gen-fhd-laptop,51000,10.839580911706463,MSI,Intel,8,512,FALSE
"Lenovo IdeaPad Slim 3 14IRH10R Core 5 210H 14"" WUXGA Laptop With Backlit Keyboard",https://www.startech.com.bd/lenovo-ideapad-slim-3-14irh10r-laptop,87000,11.37366339763672,Lenovo,Intel,16,512,FALSE
"MSI Modern 15 F13MG Core i3 13th Gen 15.6"" FHD Laptop Urban Silver",https://www.startech.com.bd/msi-modern-15-f13mg-core-i3-13th-gen-laptop,54500,10.905955980651335,MSI,Intel,8,512,FALSE
"Lenovo IdeaPad Slim 3 15IRH10R Core 5 210H 24GB RAM 15.3"" WUXGA Laptop With Backlit Keyboard",https://www.startech.com.bd/lenovo-ideapad-slim-3-15irh10r-laptop-backlit-keyboard,90000,11.407564949312402,Lenovo,Intel,4,512,FALSE
"MSI Modern 14 F13MG Core i3 13th Gen 14"" FHD Laptop Urban Silver",https://www.startech.com.bd/msi-modern-14-f13mg-core-i3-13-gen-14-inch-laptop,54500,10.905955980651335,MSI,Intel,8,512,FALSE
"Lenovo IdeaPad Slim 3 15IRH10R Core 5 210H 16GB RAM 15.3"" IPS Laptop",https://www.startech.com.bd/lenovo-ideapad-slim-3-15irh10r-16gb-ram-laptop,79000,11.27720313144916,Lenovo,Intel,16,512,FALSE
"MSI Modern 14 F13MG Core i3 13th Gen 14"" FHD Laptop Platinum Gray",https://www.startech.com.bd/msi-modern-14-f13mg-core-i3-13-gen-laptop-platinum-gray,54500,10.905955980651335,MSI,Intel,8,512,FALSE
"Lenovo IdeaPad Slim 3 15IRH10R Core 7 240H 15.3"" WUXGA IPS Laptop",https://www.startech.com.bd/lenovo-ideapad-slim-3-15irh10r-core-7-laptop,100500,11.517913006481267,Lenovo,Intel,4,512,FALSE
"Lenovo IdeaPad Slim 5 14IRH10R Core 7 240H 14"" WUXGA IPS Laptop",https://www.startech.com.bd/lenovo-ideapad-slim-5-14irh10r-laptop,114500,11.648330101976432,Lenovo,Intel,16,1024,FALSE
"HP 15-fr0071TU Core i7 13th Gen 13620H 15.6"" FHD Laptop",https://www.startech.com.bd/hp-15-fr0071tu-core-i7-13620h-laptop,95000,11.461632170582678,HP,Intel,16,512,FALSE
"HP 15-fr0077TU Core i5 13th Gen 15.6"" FHD Laptop",https://www.startech.com.bd/hp-15-fr0077tu-laptop,78000,11.26446410567173,HP,Intel,16,512,FALSE
"HP 15-fd0841TU Core i3 13th Gen 15.6"" FHD Laptop",https://www.startech.com.bd/hp-15-fd0841tu-laptop,55000,10.915088464214607,HP,Intel,8,512,FALSE
"HP 15-fd0275TU Core i3 13th Gen 15.6"" TN 250nits FHD Laptop",https://www.startech.com.bd/hp-15-fd0275tu-core-i3-laptop,56500,10.941995917134532,HP,Intel,8,512,FALSE
"Lenovo IdeaPad Slim 3 14IRH10 Core i5 13th Gen 14"" IPS Laptop With Backlit Keyboard",https://www.startech.com.bd/lenovo-ideapad-slim-3-14irh10-core-i5-laptop,79000,11.27720313144916,Lenovo,Intel,16,512,FALSE
"HP 15-fr0065TU Core i5 13th Gen 15.6"" FHD Laptop",https://www.startech.com.bd/hp-15-fr0065tu-laptop,78000,11.26446410567173,HP,Intel,16,512,FALSE
"HP 15-fd0807TU Intel Core i3 13th Gen 15.6"" FHD Laptop",https://www.startech.com.bd/hp-15-fd0807TU-core-i3-13th-gen-laptop,56500,10.941995917134532,HP,Intel,8,512,FALSE
"HP 15-fd0807TU Intel Core i3 13th Gen 15.6"" FHD Laptop",https://www.startech.com.bd/hp-15-fd0807TU-core-i3-13th-gen-laptop,56500,10.941995917134532,HP,Intel,8,512,FALSE
"Lenovo IdeaPad Slim 3 14IRH10 Core i5 13th Gen 1TB SSD 14"" WUXGA Laptop With FreeDOS",https://www.startech.com.bd/lenovo-ideapad-slim-3-14irh10-1tb-ssd-laptop-with-freedos,82000,11.314474526246391,Lenovo,Intel,16,1024,FALSE
"Lenovo IdeaPad Slim 3 14IRH10 Core i5 13th Gen 14"" WUXGA Laptop With FreeDOS",https://www.startech.com.bd/lenovo-ideapad-slim-3-14irh10-laptop-with-freedos,77500,11.258033215341438,Lenovo,Intel,16,512,FALSE
"Lenovo IdeaPad Slim 3 15IRH10 Core i5 13th Gen 1TB SSD 15.3"" WUXGA Laptop",https://www.startech.com.bd/lenovo-ideapad-slim-3-15irh10-1tb-ssd-laptop,82000,11.314474526246391,Lenovo,Intel,16,1024,FALSE
"Smart Flairedge Core i5 13th Gen 15.6"" FHD Laptop",https://www.startech.com.bd/smart-flairedge-core-i5-13th-gen-laptop,51000,10.839580911706463,Smart,Intel,8,512,FALSE
"Lenovo IdeaPad Slim 3 15IRH10 Core i5 13th Gen 15.3"" WUXGA Laptop With FreeDOS",https://www.startech.com.bd/lenovo-ideapad-slim-3-15irh10-laptop-with-freedos,77500,11.258033215341438,Lenovo,Intel,16,512,FALSE
"Lenovo IdeaPad Slim 3 15IRH10 Core i5 13th Gen 24GB DDR5 RAM 15.3"" WUXGA Laptop",https://www.startech.com.bd/lenovo-ideapad-slim-3-15irh10-24gb-ram-laptop,80000,11.289781913656018,Lenovo,Intel,4,512,FALSE
"Acer Aspire Lite AL15-41 AMD Ryzen 5 7430U 15.6"" FHD Laptop",https://www.startech.com.bd/acer-aspire-lite-al15-41-ryzen-5-laptop,56000,10.933106969717286,Acer,AMD,16,512,FALSE
"Lenovo IdeaPad Slim 3i 15IRH8 Core i5 13th Gen 15.6"" FHD Backlit Keyboard Military Grade Laptop",https://www.startech.com.bd/lenovo-ideapad-slim-3i-15irh8-core-i5-13th-gen-laptop,70500,11.16336798880036,Lenovo,Intel,8,512,FALSE
"Lenovo IdeaPad Slim 3i 15IRH8 Core i5 13th Gen 15.6"" FHD Military Grade Laptop With Windows 11",https://www.startech.com.bd/lenovo-ideapad-slim-3i-15irh8-laptop-with-windows-11,71500,11.177452728682098,Lenovo,Intel,8,512,FALSE
"Lenovo IdeaPad Slim 3 15IRH8 Core i5 13th Gen 8GB RAM 15.6"" FHD Military Grade Laptop With FreeDOS",https://www.startech.com.bd/lenovo-ideapad-slim-3-15irh8-core-i5-13th-gen-8gb-ram-laptop,66000,11.097410021008562,Lenovo,Intel,8,512,FALSE
"ASUS Vivobook Go 15 L1504FA Ryzen 5 7520U 15.6"" FHD Laptop",https://www.startech.com.bd/asus-vivobook-go-15-l1504fa-ryzen-5-7520u-laptop,59500,10.993731591533722,ASUS,AMD,8,512,FALSE
"Lenovo IdeaPad Slim 5 14IRH10 Core i5 13th Gen 1TB SSD 14"" WUXGA OLED Laptop",https://www.startech.com.bd/lenovo-ideapad-slim-5-14irh10-laptop,100000,11.512925464970229,Lenovo,Intel,16,1024,FALSE
"Lenovo IdeaPad Slim 5 14IRH10 Core i5 13th Gen 14"" WUXGA OLED Laptop",https://www.startech.com.bd/lenovo-ideapad-slim-5-14irh10-core-i5-laptop,95500,11.466881526468821,Lenovo,Intel,16,512,FALSE
"ASUS Vivobook Go 15 L1504FA Ryzen 5 7520U 15.6"" FHD Laptop Cool Silver",https://www.startech.com.bd/asus-vivobook-go-15-l1504fa-ryzen-5-laptop-cool-silver,59500,10.993731591533722,ASUS,AMD,8,512,FALSE
"ASUS Vivobook Go 15 L1504FA Ryzen 5 7520U 8GB RAM 15.6"" FHD Laptop",https://www.startech.com.bd/asus-vivobook-go-15-l1504fa-ryzen-5-laptop,59500,10.993731591533722,ASUS,AMD,8,512,FALSE
"Chuwi CoreBook Plus Ryzen 5 7430U 16"" WUXGA IPS Laptop",https://www.startech.com.bd/chuwi-corebook-plus-laptop,59900,11.00043178410354,Chuwi,AMD,16,512,FALSE
"Lenovo IdeaPad Slim 3i 15ITL6 Core i7 11th Gen 15.6"" FHD Laptop with Fingerprint",https://www.startech.com.bd/lenovo-ideapad-slim-3i-core-i7-11th-gen-fhd-laptop,78000,11.26446410567173,Lenovo,Intel,8,512,FALSE
"Lenovo IdeaPad Slim 3 14IRH10 Core i7 13th Gen 14"" WUXGA IPS Laptop",https://www.startech.com.bd/lenovo-ideapad-slim-3-14irh10-core-i7-laptop,90000,11.407564949312402,Lenovo,Intel,16,512,FALSE
"HP 15-fd0180TU Intel Core i3 13th Gen 15.6"" FHD Laptop",https://www.startech.com.bd/hp-15-fd0180tu-core-i3-laptop,61500,11.02679245379461,HP,Intel,16,512,FALSE
"Lenovo IdeaPad Slim 3 15IRH10 Core i7 13th Gen 15.3"" WUXGA Laptop",https://www.startech.com.bd/lenovo-ideapad-slim-3-15irh10-core-i7-laptop,90000,11.407564949312402,Lenovo,Intel,16,512,FALSE
"HP 15-fd0176TU Intel Core i3 13th Gen 15.6"" FHD Laptop",https://www.startech.com.bd/hp-15-fd0176tu-core-i3-13th-gen-laptop,61000,11.018629143155449,HP,Intel,16,512,FALSE
"Lenovo LOQ 15IRX9 Core i5 13th Gen RTX 3050 6GB Graphics 15.6"" FHD Gaming Laptop",https://www.startech.com.bd/lenovo-loq-15irx9-core-i5-13th-gen-gaming-laptop,124000,11.728036844587175,Lenovo,Intel,16,512,FALSE
"Lenovo LOQ 15IRX9 Core i5 13th Gen RTX 4050 AI Integrated 15.6"" FHD Gaming Laptop",https://www.startech.com.bd/lenovo-loq-15irx9-core-i5-gaming-laptop,131000,11.782952602183288,Lenovo,Intel,16,512,FALSE
"Asus VivoBook Go 15 OLED E1504FA Ryzen 3 7320U 15.6"" FHD Laptop",https://www.startech.com.bd/asus-vivobook-go-15-oled-e1504fa-ryzen-3-laptop,63500,11.058795184880783,ASUS,AMD,8,512,FALSE
"Lenovo LOQ 15IRX9 Core i5 13th Gen RTX 3050 AI Integrated 15.6"" FHD Gaming Laptop",https://www.startech.com.bd/lenovo-loq-15irx9-core-i5-13th-gen-laptop,129000,11.76756768334381,Lenovo,Intel,4,512,FALSE
"Lenovo LOQ 15IRX9 Core i5 13th Gen AI Integrated 15.6"" FHD Gaming Laptop",https://www.startech.com.bd/lenovo-loq-15irx9-core-i5-laptop,134000,11.805595078933049,Lenovo,Intel,4,512,FALSE
"ASUS ExpertBook P1 P1503CVA Core i3 13th Gen 15.6"" FHD Laptop",https://www.startech.com.bd/asus-expertbook-p1-p1503cva-core-i3-13th-gen-laptop,63500,11.058795184880783,ASUS,Intel,8,512,FALSE
"Lenovo ThinkPad E14 Gen 6 Core Ultra 5 125U 14"" WUXGA Laptop",https://www.startech.com.bd/lenovo-thinkpad-e14-gen-6-laptop,93800,11.448920134994315,Lenovo,Intel,8,512,FALSE
"Lenovo LOQ 15IRX9 Core i7 13th Gen RTX 4050 AI Integrated 15.6"" FHD Gaming Laptop",https://www.startech.com.bd/lenovo-loq-15irx9-core-i7-gaming-laptop,143500,11.874090314181814,Lenovo,Intel,16,512,FALSE
"Dell PRO 14 PC14250 Core Ultra 7 225U 14"" FHD+ Laptop",https://www.startech.com.bd/dell-pro-14-pc14250-core-ultra-7-laptop,150000,11.918390573078392,Dell,Intel,16,512,FALSE
"Dell 15 DC15250 Core i5 13th Gen 15.6"" FHD Laptop",https://www.startech.com.bd/dell-15-dc15250-core-i5-laptop,73500,11.205040685200927,Dell,Intel,8,512,FALSE
"Dell 15 DC15250 Core 3 100U 15.6"" FHD Laptop",https://www.startech.com.bd/dell-15-dc15250-laptop,59000,10.985292722887856,Dell,Intel,8,512,FALSE
"Dell Vostro 3400 Core i5 11th Gen 14"" FHD Laptop",https://www.startech.com.bd/dell-vostro-3400-core-i5-laptop,65000,11.082142548877775,Dell,Intel,4,1024,FALSE
"Dell PRO 14 PC14250 Core Ultra 5 225U 14"" FHD+ Laptop",https://www.startech.com.bd/dell-pro-14-pc14250-laptop,97000,11.48246625748552,Dell,Intel,8,512,FALSE
"HP 15-fc0229AU Ryzen 5 7520U 15.6"" FHD Laptop",https://www.startech.com.bd/hp-15-fc0229au-ryzen-5-fhd-laptop,59500,10.993731591533722,HP,AMD,8,512,FALSE
"Lenovo LOQ 15IRX9 Core i7 13th Gen 512GB SSD RTX 4050 6GB Graphics 15.6"" FHD AI Powered Gaming Laptop",https://www.startech.com.bd/lenovo-loq-15irx9-core-i7-13th-gen-512gb-ssd-laptop,140500,11.852962767755937,Lenovo,Intel,16,512,FALSE
"Lenovo Legion 5 15IRX10 Core i7 14th Gen RTX 5050 8GB Graphics 15.1"" WQXGA 165Hz Gaming Laptop",https://www.startech.com.bd/lenovo-legion-5-15irx10-gaming-laptop,187000,12.138863895836725,Lenovo,Intel,4,512,FALSE
"Lenovo IdeaPad 5 2-in-1 14IAL10 Core Ultra 5 225H 14"" WUXGA Touch Laptop",https://www.startech.com.bd/lenovo-ideapad-5-2-in-1-14ial10-core-ultra-5-225h-laptop,127000,11.751942365440728,Lenovo,Intel,16,512,FALSE
"Lenovo Yoga 7 2-in-1 14IML9 Core Ultra 5 125H 14"" 2.8K OLED Touch Laptop",https://www.startech.com.bd/lenovo-yoga-7-2-in-1-14iml9-laptop,143000,11.870599909242044,Lenovo,Intel,16,512,FALSE
"Lenovo Yoga 7 2-in-1 14IML9 Core Ultra 5 125H 14"" 2.8K OLED Touch Laptop",https://www.startech.com.bd/lenovo-yoga-7-2-in-1-14iml9-laptop,143000,11.870599909242044,Lenovo,Intel,16,512,FALSE
"Lenovo Yoga 7 2-in-1 14IML9 Core Ultra 5 14"" OLED Touch Laptop",https://www.startech.com.bd/lenovo-yoga-7-2-in-1-14iml9-core-ultra-5-14-inch-laptop,148000,11.904967552746252,Lenovo,Intel,16,1024,FALSE
"ASUS Vivobook 15 F1504ZA Core i5 12th Gen 15.6"" FHD Laptop Quiet Blue",https://www.startech.com.bd/asus-vivobook-15-f1504za-core-i5-fhd-laptop,66000,11.097410021008562,ASUS,Intel,8,512,FALSE
"Lenovo Yoga 7 2-in-1 14IML9 Core Ultra 5 125H 14"" WUXGA OLED Touch Laptop",https://www.startech.com.bd/lenovo-yoga-7-2-in-1-14iml9-wuxga-laptop,132000,11.790557201568507,Lenovo,Intel,16,512,FALSE
Asus VivoBook 15 OLED A1505VA Core i3 13th Gen 15.6 Inch FHD Laptop,https://www.startech.com.bd/asus-vivobook-15-oled-a1505va-laptop,66800,11.109458359524737,ASUS,Intel,8,512,FALSE
"Asus Vivobook 16 A1605VA Core i3 13th Gen 16"" WUXGA Laptop",https://www.startech.com.bd/asus-vivobook-16-a1605va-core-i3-laptop,62000,11.03488966402723,ASUS,Intel,8,512,FALSE
"Lenovo Yoga Slim 7 14IMH9 Core Ultra 5 125H 1TB SSD 14"" OLED Laptop",https://www.startech.com.bd/lenovo-yoga-slim-7-14imh9-core-ultra-5-14-inch-laptop,133000,11.79810440720389,Lenovo,Intel,16,1024,FALSE
"Lenovo IdeaPad 5 2-in-1 14IAL10 Core Ultra 7 255H 512GB SSD 14"" WUXGA Touch Laptop",https://www.startech.com.bd/lenovo-ideapad-5-2-in-1-14ial10-touch-laptop,141000,11.856515169360305,Lenovo,Intel,16,512,FALSE
"Lenovo IdeaPad 5 2-in-1 14IAL10 Core Ultra 7 255H 14"" WUXGA IPS Touch Laptop",https://www.startech.com.bd/lenovo-ideapad-5-2-in-1-14ial10-laptop,147000,11.898187865760873,Lenovo,Intel,16,1024,FALSE
"MSI Modern 15 B7M AMD Ryzen 5 7430U 15.6"" FHD Laptop",https://www.startech.com.bd/msi-modern-15-b7m-ryzen-5-7430u-fhd-laptop,66000,11.097410021008562,MSI,AMD,16,512,FALSE
"Lenovo ThinkPad E14 Gen 6 Core Ultra 7 155U 14"" WUXGA Laptop",https://www.startech.com.bd/lenovo-thinkpad-e14-gen-6-core-ultra-7-155u-laptop,125000,11.736069016284437,Lenovo,Intel,16,512,FALSE
"ASUS Vivobook Go 15 L1504FA Ryzen 5 7520U 16GB RAM 15.6"" FHD Laptop With Windows 11 Home",https://www.startech.com.bd/asus-vivobook-go-15-l1504fa-16gb-ram-laptop,68500,11.134589024250317,ASUS,AMD,16,512,FALSE
"ASUS Vivobook Go 15 L1504FA Ryzen 5 7520U 15.6"" FHD Mixed Black Laptop",https://www.startech.com.bd/asus-vivobook-go-15-l1504fa-ryzen-5-7520u-mixed-black-laptop,68500,11.134589024250317,ASUS,AMD,16,512,FALSE
"Lenovo Yoga 7 2-in-1 14IML9 Core Ultra 7 155H 14"" 2.8K OLED Touch Laptop",https://www.startech.com.bd/lenovo-yoga-7-2-in-1-14iml9-core-ultra-7-laptop,155000,11.951180395901384,Lenovo,Intel,16,512,FALSE
"ASUS Vivobook Go 15 L1504FA Ryzen 5 7520U 16GB RAM 15.6"" FHD Laptop",https://www.startech.com.bd/asus-vivobook-go-15-l1504fa-ryzen-5-7520u-16gb-ram-laptop,68500,11.134589024250317,ASUS,AMD,16,512,FALSE
"Lenovo Yoga Slim 7 14IMH9 Ultra 7 155H 14"" WUXGA OLED Laptop",https://www.startech.com.bd/lenovo-yoga-slim-7-14imh9-core-ultra-7-155h-14-inch-laptop,143000,11.870599909242044,Lenovo,Intel,16,1024,FALSE
"Lenovo Legion Pro 7 16IAX10H Core Ultra 9 275HX RTX 5070 Ti 12GB Graphics 16"" WQXGA Gaming Laptop",https://www.startech.com.bd/lenovo-legion-pro-7-16iax10h-rtx-5070-gaming-laptop,351000,12.768541502448002,Lenovo,Intel,32,1024,TRUE
"MSI Modern 14 F13MG Core i5 13th Gen 14"" FHD Laptop Urban Silver",https://www.startech.com.bd/msi-modern-14-f13mg-core-i5-laptop-urban-silver,65500,11.089805421623343,MSI,Intel,8,512,FALSE
MSI Modern 15 F13MG Core i5 13th Gen 15.6 Inch FHD Laptop Platinum Gray,https://www.startech.com.bd/msi-modern-15-f13mg-core-i5-laptop,65000,11.082142548877775,MSI,Intel,8,512,FALSE
"Dell Inspiron 15 3530 Core i5 13th Gen 15.6"" FHD Laptop With Finger Print (Business Series)",https://www.startech.com.bd/dell-inspiron-15-3530-core-i5-laptop,68500,11.134589024250317,Dell,Intel,8,512,FALSE
"MSI Modern 15 F13MG Core i5 13th Gen 15.6"" FHD Laptop Urban Silver",https://www.startech.com.bd/msi-modern-15-f13mg-core-i5-laptop-urban-silver,67000,11.112447898373103,MSI,Intel,8,512,FALSE
"HP 15-fd0812TU Intel Core 5 120U 15.6"" FHD Laptop",https://www.startech.com.bd/hp-15-fd0812tu-core-5-120u-laptop,72500,11.191341840842766,HP,Intel,8,512,FALSE
"HP 15-fd0811TU Intel Core 5 120U 15.6"" FHD Laptop",https://www.startech.com.bd/hp-15-fd0811tu-intel-core-5-laptop,72500,11.191341840842766,HP,Intel,8,512,FALSE
"HP 15-fd0268TU Core i5 13th Gen 15.6"" FHD Laptop with Original Windows & Office",https://www.startech.com.bd/hp-15-fd0268tu-core-i5-13th-gen-laptop,68000,11.127262984158243,HP,Intel,8,512,FALSE
"HP 15-fd1112TU Intel Core 5 120U 15.6"" FHD Laptop",https://www.startech.com.bd/hp-15-fd1112tu-intel-core-5-120u-fhd-laptop,72800,11.195471234184778,HP,Intel,8,512,FALSE
"Asus Vivobook 14 X1404VA Core 5 120U 14"" FHD Laptop",https://www.startech.com.bd/asus-vivobook-14-x1404va-core-5-120u-laptop,71000,11.170435156023453,ASUS,Intel,8,512,FALSE
"Asus Vivobook 14 X1404VA Core 5 120U 14"" FHD Cool Silver Laptop",https://www.startech.com.bd/asus-vivobook-14-x1404va-core-5-120u-cool-silver-laptop,73500,11.205040685200927,ASUS,Intel,8,512,FALSE
"Asus VivoBook 15 X1504VA Core 5 120U 15.6"" FHD Laptop",https://www.startech.com.bd/asus-vivobook-15-x1504va-core-5-120-laptop,74800,11.222573163962569,ASUS,Intel,16,512,FALSE
"Asus VivoBook 15 X1504VA Intel Core 5 120U 15.6"" FHD Laptop",https://www.startech.com.bd/asus-vivobook-15-x1504va-intel-core-5-laptop,74900,11.22390916950531,ASUS,Intel,16,512,FALSE
"Asus ExpertBook B1 B1403CVA Core i5 13th Gen 512GB SSD 14"" FHD Laptop",https://www.startech.com.bd/asus-expertbook-b1-b1403cva-i5-512gb-laptop,75000,11.225243392518447,ASUS,Intel,8,512,FALSE
"Acer TravelLite TL14-52M Core i5 13th Gen 8GB RAM 512GB Storage 14"" FHD Laptop",https://www.startech.com.bd/acer-travellite-tl14-52m-core-i5-13th-gen-14-inch-fhd-laptop,75000,11.225243392518447,Acer,Intel,8,512,FALSE
"HP 15-fd1113TU Intel Core 5 120U 15.6"" FHD Laptop",https://www.startech.com.bd/hp-15-fd1113tu-intel-core-5-120u-fhd-laptop,76500,11.245046019814627,HP,Intel,8,512,FALSE
"Acer Aspire 3 A325-45 Celeron N4500 15.6"" HD Laptop",https://www.startech.com.bd/acer-aspire-3-a325-45-intel-celeron-n4500-laptop,35400,10.474467099121865,Acer,Intel,8,512,FALSE
"Acer Aspire Lite AL15-52H Core i5 13th Gen 15.6"" FHD Laptop",https://www.startech.com.bd/acer-aspire-lite-al15-52h-core-i5-13420h-laptop,74000,11.211820372186306,Acer,Intel,16,512,FALSE
"HP 14-ep0134TU Core i7 13th Gen 14"" FHD Laptop",https://www.startech.com.bd/hp-14-ep0134tu-laptop,92000,11.429543856031177,HP,Intel,16,512,FALSE
"Asus ExpertBook B1 B1503CVA Core 5 120U 15.6"" FHD Laptop",https://www.startech.com.bd/asus-expertbook-b1-b1503cva-core-5-laptop,77000,11.251560700835821,ASUS,Intel,8,512,FALSE
"Walton Passion BX710U Core i7 10th Gen 15.6"" FHD Laptop",https://www.startech.com.bd/walton-passion-bx710u-core-i7-10th-gen-laptop,67500,11.119882876860622,Walton,Intel,8,512,FALSE
"Asus ExpertBook B1 B1403CVA Core 5 120U 8GB RAM 14"" FHD Laptop",https://www.startech.com.bd/asus-expertbook-b1-b1403cva-core-5-laptop,77300,11.255449234575513,ASUS,Intel,8,512,FALSE
"MSI Modern 15 F1MG Core 5 120U AI Optimized 15.6"" FHD Laptop Urban Silver",https://www.startech.com.bd/msi-modern-15-f1mg-core-5-120u-laptop-urban-silver,78900,11.275936506833965,MSI,Intel,8,512,FALSE
"MSI Modern 14 C7M Ryzen 7 7730U 14"" Laptop",https://www.startech.com.bd/msi-modern-14-c7m-ryzen-7-7730u-laptop,77500,11.258033215341438,MSI,AMD,16,512,FALSE
"MSI Modern 15 F1MG Core 5 120U AI Optimized 15.6"" FHD Laptop Platinum Gray",https://www.startech.com.bd/msi-modern-15-f1mg-core-5-120u-laptop,79500,11.283512300642423,MSI,Intel,8,512,FALSE
"Walton Tamarind MX311G Core i3 11th Gen 14"" FHD Laptop",https://www.startech.com.bd/walton-tamarind-mx311g-core-i3-11th-gen-laptop,39500,10.584055950889214,Walton,Intel,8,512,FALSE
"ASUS Vivobook 15 OLED A1505VA Core i5 13th Gen 15.6"" FHD Laptop",https://www.startech.com.bd/asus-vivobook-15-oled-a1505va-core-i5-13420h-laptop,81500,11.308358299228955,ASUS,Intel,16,512,FALSE
"ASUS Vivobook 15 OLED A1505VA Intel Core i5 13th Gen 15.6"" FHD Laptop",https://www.startech.com.bd/asus-vivobook-15-oled-a1505va-intel-core-i5-13420h-laptop,81500,11.308358299228955,ASUS,Intel,16,512,FALSE
"Asus ExpertBook B1 B1403CVA Core i5 13th Gen 14"" FHD Laptop",https://www.startech.com.bd/asus-expertbook-b1-b1403cva-core-i5-13th-gen-laptop,81500,11.308358299228955,ASUS,Intel,16,512,FALSE
"Dell Latitude 3440 Core i5 12th Gen 14"" FHD Laptop",https://www.startech.com.bd/dell-latitude-3440-core-i5-12th-gen-14-inch-fhd-laptop,77000,11.251560700835821,Dell,Intel,8,512,FALSE
"Asus ExpertBook B1 B1403CVA Core i7 13th Gen 8GB RAM 14"" FHD Laptop",https://www.startech.com.bd/asus-expertbook-b1-b1403cva-laptop,80000,11.289781913656018,ASUS,Intel,8,512,FALSE
"Walton ACC PASSION BX513U Pro Core i5 13th Gen 16GB RAM 16"" 2.5K IPS Display Laptop",https://www.startech.com.bd/walton-acc-passion-bx513u-pro-core-i5-13th-gen-laptop,85550,11.35685627932034,Walton,Intel,16,512,FALSE
"ASUS ExpertBook B5 B5302CEA-EG0476W Core i5 11th Gen 13.3"" FHD Laptop",https://www.startech.com.bd/asus-expertbook-b5-b5302cea-eg0476w-i5-11th-gen-laptop,84500,11.344506813345266,ASUS,Intel,8,512,FALSE
"ASUS ExpertBook BM1 BM1403CDA Ryzen 7 7735HS 14"" FHD Laptop",https://www.startech.com.bd/asus-expertbook-bm1-bm1403cda-laptop,86000,11.362102575235644,ASUS,AMD,16,512,FALSE
"Dell Latitude 3540 Core i5 12th Gen 15.6"" FHD Laptop",https://www.startech.com.bd/dell-latitude-3540-core-i5-12th-gen-15-6-inch-fhd-laptop,86500,11.36789969291997,Dell,Intel,8,512,FALSE
"MSI Modern 14 F13MG Core i7 13th Gen 14"" FHD Laptop Platinum Gray",https://www.startech.com.bd/msi-modern-14-f13mg-core-i7-13-gen-14-inch-laptop-platinum-gray,87900,11.383955083673268,MSI,Intel,8,512,FALSE
"MSI Modern 14 F13MG Core i7 13th Gen 14"" FHD Laptop Urban Silver",https://www.startech.com.bd/msi-modern-14-f13mg-core-i7-13-gen-14-inch-laptop,87900,11.383955083673268,MSI,Intel,8,512,FALSE
"Acer Aspire 15 AS15-42 Ryzen 3 7330U 15.6"" FHD Laptop",https://www.startech.com.bd/acer-aspire-15-as15-42-ryzen-3-7330u-laptop,52000,10.858998997563564,Acer,AMD,16,512,FALSE
"Acer Aspire 15 AS15-42 Ryzen 3 7330U 15.6"" FHD Laptop",https://www.startech.com.bd/acer-aspire-15-as15-42-ryzen-3-fhd-laptop,46900,10.75577295443437,Acer,AMD,8,512,FALSE
"Acer Aspire 15 AS15-42 Ryzen 5 7430U 15.6"" FHD Laptop",https://www.startech.com.bd/acer-aspire-15-as15-42-ryzen-5-7430u-laptop,54900,10.913268627497622,Acer,AMD,8,512,FALSE
"Acer Aspire 15 AS15-42 Ryzen 3 7330U 8GB 15.6"" FHD Laptop",https://www.startech.com.bd/acer-aspire-15-as15-42-ryzen-3-7330u-8gb-laptop,49000,10.799575577092764,Acer,AMD,8,512,FALSE
"Lenovo LOQ 15IAX9E Core i5 12th Gen RTX 2050 4GB Graphics 15.6"" FHD Gaming Laptop",https://www.startech.com.bd/lenovo-loq-15iax9e-i5-12th-gen-gaming-laptop,89500,11.401993904262946,Lenovo,Intel,4,512,FALSE
ASUS Vivobook 15 X1504ZA-NJ1277W i7-1255U 16GB 15.6 Inch FHD Laptop,https://www.startech.com.bd/asus-vivobook-15-x1504za-i7-1255u-512gb-laptop,82000,11.314474526246391,ASUS,Intel,16,512,FALSE
"Dell Inspiron 14 5440 Intel Core i5 13th Gen 14"" FHD Laptop",https://www.startech.com.bd/dell-inspiron-14-5440-core-i5-laptop,89500,11.401993904262946,Dell,Intel,16,512,FALSE
"MSI Thin 15 B13UC Core i5 13th Gen RTX 3050 4GB Graphics 15.6"" FHD Gaming Laptop",https://www.startech.com.bd/msi-thin-15-b13uc-core-i5-13th-gen-rtx-3050-fhd-gaming-laptop,87000,11.37366339763672,MSI,Intel,8,512,FALSE
"HP ProBook 440 G11 Core Ultra 5 14"" FHD Laptop",https://www.startech.com.bd/hp-probook-440-g11-laptop,88000,11.385092093460344,HP,Other,8,512,FALSE
Tecno MEGABOOK T15RA Core i9 13th Gen 15.6-inch FHD Laptop,https://www.startech.com.bd/tecno-megabook-t15ra-laptop,89900,11.406453220459712,Tecno,Intel,32,1024,FALSE
"ASUS ExpertBook P3 P3405CVA Core i7 13th Gen 14"" WUXGA Laptop",https://www.startech.com.bd/asus-expertbook-p3-p3405cva-laptop,110000,11.608235644774552,ASUS,Intel,16,512,FALSE
"Asus ExpertBook P1 P1403CVA Core i7 13th Gen 13620H 14"" FHD Laptop",https://www.startech.com.bd/asus-expertbook-p1-p1403cva-core-i7-13620h-laptop,89500,11.401993904262946,ASUS,Intel,16,512,FALSE
"Asus ExpertBook P1 P1403CVA Core i7 13th Gen 14"" FHD Laptop",https://www.startech.com.bd/asus-expertbook-p1-p1403cva-laptop,93000,11.440354772135393,ASUS,Intel,16,512,FALSE
"Asus TUF Gaming A15 FA506NFR Ryzen 7 7435HS RTX 2050 4GB Graphics 15.6"" FHD Gaming Laptop",https://www.startech.com.bd/asus-tuf-gaming-a15-fa506nfr-ryzen-7-gaming-laptop,92500,11.434963923500517,ASUS,AMD,8,512,FALSE
"HP Victus 15-fb1054AX Ryzen 5 7535HS RTX 2050 4GB Graphics 15.6"" FHD Gaming Laptop",https://www.startech.com.bd/hp-victus-15-fb1054ax-gaming-laptop,91000,11.418614785498987,HP,AMD,8,512,FALSE
"HP Victus 15-fb1055AX Ryzen 5 7535HS RTX 2050 4GB Graphics 15.6"" FHD Gaming Laptop",https://www.startech.com.bd/hp-victus-15-fb1055ax-gaming-laptop,91000,11.418614785498987,HP,AMD,8,512,FALSE
"ASUS Vivobook 15 X1504VA Core i7 13th Gen 15.6"" FHD Laptop",https://www.startech.com.bd/asus-vivobook-15-x1504va-core-i7-laptop,96500,11.477298287327077,ASUS,Intel,16,512,FALSE
"ASUS Vivobook 15 X1504VA Core i7 13th Gen 16GB RAM 15.6"" FHD Laptop",https://www.startech.com.bd/asus-vivobook-15-x1504va-core-i7-16gb-ram-laptop,96500,11.477298287327077,ASUS,Intel,16,512,FALSE
"HP Victus Gaming 15-fb1053AX Ryzen 5-7535HS RTX 2050 4GB Graphics 15.6"" FHD Gaming Laptop",https://www.startech.com.bd/hp-victus-gaming-15-fb1053ax-ryzen-5-7535hs-gaming-laptop,98000,11.49272275765271,HP,AMD,8,512,FALSE
"ASUS ExpertBook P1 P1403CVA Core i3 13th Gen 14"" FHD Laptop",https://www.startech.com.bd/asus-expertbook-p1-p1403cva-core-i3-13th-gen-laptop,62000,11.03488966402723,ASUS,Intel,8,512,FALSE
"ASUS Vivobook 14 F1407QA Snapdragon X X1 14"" WUXGA Copilot+ PC Laptop",https://www.startech.com.bd/asus-vivobook-14-f1407qa-snapdragon-x-x1-laptop,98000,11.49272275765271,ASUS,Qualcomm,16,1024,FALSE
"ASUS Vivobook 14 F1407QA Snapdragon X X1 14"" WUXGA Copilot+ PC Laptop Platinum Gold",https://www.startech.com.bd/asus-vivobook-14-f1407qa-laptop-platinum-gold,98000,11.49272275765271,ASUS,Qualcomm,16,1024,FALSE
Lenovo ThinkPad P14s Gen 2 Core i5 Business Laptop,https://www.startech.com.bd/lenovo-thinkpad-p14s-gen-2-core-i5-11th-gen-fhd-laptop,80000,11.289781913656018,Lenovo,Intel,8,512,FALSE
"ASUS Vivobook 15 X1504VA-NJ263W Core i7 13th Gen 15.6"" FHD Laptop",https://www.startech.com.bd/asus-vivobook-15-x1504va-nj263w-core-i7-laptop,100000,11.512925464970229,ASUS,Intel,16,512,FALSE
"ASUS VivoBook 15X K3504VA Core i5 13th Gen 15.6"" FHD Laptop",https://www.startech.com.bd/asus-vivobook-15x-k3504va-core-i5-13th-gen-laptop,95000,11.461632170582678,ASUS,Intel,16,512,FALSE
"MSI Modern 15 F1MG Core 7 150U AI Optimized 15.6"" FHD Laptop Urban Silver",https://www.startech.com.bd/msi-modern-15-f1mg-core-7-150u-laptop-urban-silver,100900,11.5218852063417,MSI,Intel,8,1024,FALSE
ASUS Vivobook 15 OLED A1505VA Core i7 13th Gen 15.6 Inch FHD Laptop,https://www.startech.com.bd/asus-vivobook-15-oled-a1505va-core-i7-laptop,101000,11.522875795823397,ASUS,Intel,16,512,FALSE
"ASUS Vivobook 15 OLED A1505VA Core i7 13th Gen 15.6"" FHD OLED Laptop",https://www.startech.com.bd/asus-vivobook-15-oled-a1505va-core-i7-13th-gen-laptop,101000,11.522875795823397,ASUS,Intel,8,512,FALSE
"MSI Thin 15 B13VE Core i5 13th Gen RTX 4050 6GB Graphics 15.6"" FHD Gaming Laptop",https://www.startech.com.bd/msi-thin-15-b13ve-i5-13th-gen-gaming-laptop,102900,11.541512921822141,MSI,Intel,8,512,FALSE
MacBook Air M2 Chip 13.6-inch,https://www.startech.com.bd/apple-macbook-air-m2-13-inch,101000,11.522875795823397,Apple,Apple,16,256,FALSE
"Acer Aspire 3 A325-53 Core i5 13th Gen 1334U 15.6"" FHD Laptop",https://www.startech.com.bd/acer-aspire-3-a325-53-core-i5-1334u-fhd-laptop,67500,11.119882876860622,Acer,Intel,8,512,FALSE
"ASUS Vivobook 16X K3605ZF Core i5 12th Gen RTX 2050 4GB Graphics 16"" WUXGA Laptop",https://www.startech.com.bd/asus-vivobook-16x-k3605zf-core-i5-laptop,96500,11.477298287327077,ASUS,Intel,8,512,FALSE
"Acer Aspire 3 A325-53 Core i5 13th Gen 16GB 15.6"" FHD Laptop",https://www.startech.com.bd/acer-aspire-3-a325-53-core-i5-1334u-laptop,69500,11.149082031552883,Acer,Intel,16,512,FALSE
"Acer Aspire 3 A325-53 Core i5 13th Gen 15.6"" FHD Laptop",https://www.startech.com.bd/acer-aspire-3-a325-53-core-i5-laptop,65000,11.082142548877775,Acer,Intel,8,512,FALSE
"Acer Aspire 3 A325-53 Core i5 13th Gen 15.6"" FHD Win11 Laptop",https://www.startech.com.bd/acer-aspire-3-a325-53-laptop,66500,11.104957226643945,Acer,Intel,8,512,FALSE
"Acer Aspire 3 A325-53 Core i5 13th Gen 15.6"" FHD Silver Laptop",https://www.startech.com.bd/acer-aspire-3-a325-53-core-i5-1334u-silver-laptop,65500,11.089805421623343,Acer,Intel,8,512,FALSE
"ASUS Vivobook 16X K3605ZF Core i5 8GB RAM 512GB SSD 16"" WUXGA Display Laptop",https://www.startech.com.bd/asus-vivobook-16x-k3605zf-rp785-core-i5-laptop,96500,11.477298287327077,ASUS,Intel,8,512,FALSE
"ASUS Vivobook S14 M3407HA Ryzen 5 220 14"" WUXGA Laptop",https://www.startech.com.bd/asus-vivobook-s14-m3407ha-ryzen-5-laptop,105000,11.56171562913966,ASUS,AMD,16,1024,FALSE
"ASUS Vivobook S14 M3407HA Ryzen 7 260 14"" WUXGA Copilot+ PC Laptop",https://www.startech.com.bd/asus-vivobook-s14-m3407ha-ryzen-7-14-inch-laptop,118500,11.682668239557323,ASUS,AMD,16,1024,FALSE
"ASUS VivoBook 14 F1407CA Core Ultra 5 225H 14"" FHD Laptop",https://www.startech.com.bd/asus-vivobook-14-f1407ca-core-ultra-5-225h-laptop,105500,11.566466231898259,ASUS,Intel,16,1024,FALSE
"Lenovo IdeaPad Slim 3 14IAH8 Core i5 12th Gen 14"" FHD Military Grade Laptop",https://www.startech.com.bd/lenovo-ideapad-slim-3-14iah8-core-i5-12th-gen-laptop,66800,11.109458359524737,Lenovo,Intel,8,512,FALSE
"Lenovo LOQ 15IAX9 Core i5 12th Gen RTX 3050 6GB Graphics 15.6"" FHD 144Hz Gaming Laptop",https://www.startech.com.bd/lenovo-loq-15iax9-core-i5-12th-gen-rtx-3050-gaming-laptop,114500,11.648330101976432,Lenovo,Intel,16,512,FALSE
"ASUS TUF Gaming A15 FA506NCG Ryzen 7 7445HS RTX 3050 4GB Graphics 15.6"" FHD 144Hz Laptop",https://www.startech.com.bd/asus-tuf-gaming-a15-fa506ncg-laptop,106000,11.571194373094205,ASUS,AMD,8,512,FALSE
"Asus ExpertBook B1 B1403CVA Core 7 150U 14"" FHD Laptop",https://www.startech.com.bd/asus-expertbook-b1-b1403cva-core-7-laptop,106500,11.575900264131617,ASUS,Intel,16,512,FALSE
"HP Victus 15-fa1393TX Core i5 13 Gen RTX 2050 4GB Graphics 15.6"" FHD Gaming Laptop",https://www.startech.com.bd/hp-victus-15-fa1393tx-gaming-laptop,106000,11.571194373094205,HP,Intel,8,512,FALSE
"ASUS Vivobook 16X K3605ZF Core I5 12th Gen RTX 2050 4GB Graphics 16"" WUXGA Display Laptop",https://www.startech.com.bd/asus-vivobook-16x-k3605zf-core-i5-12th-gen-16-inch-laptop,97500,11.487607656985938,ASUS,Intel,8,512,FALSE
"Walton ACC TAMARIND EX514H Core Ultra 5 14"" 2.8K IPS 120Hz Display Laptop",https://www.startech.com.bd/walton-acc-tamarind-ex514h-core-ultra-5-laptop,112550,11.631152846334878,Walton,Intel,16,1024,FALSE
"HP ProBook 440 G11 Core Ultra 7 14"" FHD Laptop",https://www.startech.com.bd/hp-probook-440-g11-core-ultra-7-laptop,115500,11.657025808943985,HP,Other,8,512,FALSE
"Dell Inspiron 14 5440 Core 7 150U 14"" FHD Laptop",https://www.startech.com.bd/dell-inspiron-14-5440-core-7-laptop,114000,11.643953727376633,Dell,Intel,16,512,FALSE
"ASUS TUF Gaming F16 FX607VB Core 5 210H RTX 3050A 4GB Graphics 16"" WUXGA Gaming Laptop",https://www.startech.com.bd/asus-tuf-gaming-f16-fx607vb-core-5-210h-gaming-laptop,115800,11.659619844121032,ASUS,Intel,8,512,FALSE
"HP ProBook 460 G11 Core Ultra 7 16"" WUXGA Laptop",https://www.startech.com.bd/hp-probook-460-g11-core-ultra-7-laptop,117500,11.67419361256635,HP,Other,8,512,FALSE
"ASUS VivoBook S14 S3407CA Core Ultra 5 225H 14"" WUXGA Laptop",https://www.startech.com.bd/asus-vivobook-s14-s3407ca-intel-core-ultra-5-225h-laptop,120000,11.695247021764184,ASUS,Intel,16,1024,FALSE
"Lenovo LOQ 15IAX9E Core i5 12th Gen RTX 4050 6GB Graphics 15.6"" FHD 144Hz Gaming Laptop",https://www.startech.com.bd/lenovo-loq-15iax9e-core-i5-12th-gen-gaming-laptop,121000,11.703545824578878,Lenovo,Intel,16,512,FALSE
"Asus Vivobook 15X K3504VA Core i7 13th Gen 16GB RAM 15.6"" FHD Laptop",https://www.startech.com.bd/asus-vivobook-15x-k3504va-core-i7-13th-gen-fhd-laptop,115000,11.652687407345388,ASUS,Intel,16,512,FALSE
"ASUS ExpertBook B5 B5302FEA-LF1125 Core i5 11th Gen 13.3"" FHD Touch Laptop",https://www.startech.com.bd/asus-expertbook-b5-b5302fea-lf1125-i5-11th-gen-touch-laptop,120000,11.695247021764184,ASUS,Intel,8,512,FALSE
"ASUS VivoBook S14 S3407CA Core Ultra 5 225H 14"" WUXGA Laptop Cool Silver",https://www.startech.com.bd/asus-vivobook-s14-s3407ca-laptop,120000,11.695247021764184,ASUS,Intel,16,1024,FALSE
"MacBook Air M4 Chip 13-inch (10‑core CPU, 8 core GPU)",https://www.startech.com.bd/apple-macbook-air-m4-13-inch,121500,11.70766954176274,Apple,Apple,16,256,FALSE
"Lenovo Yoga Slim 7 14IMH9 Core Ultra 5 125H 512GB SSD 14"" OLED Laptop",https://www.startech.com.bd/lenovo-yoga-slim-7-14imh9-core-ultra-5-512gb-laptop,132000,11.790557201568507,Lenovo,Intel,16,512,FALSE
"Dell Latitude 5450 Core Ultra 5 125U 14"" FHD Laptop",https://www.startech.com.bd/dell-latitude-5450-core-ultra-5-laptop,129500,11.771436160121729,Dell,Intel,8,512,FALSE
"Lenovo LOQ 15IAX9E Core i7 12th Gen RTX 4050 AI Integrated 15.6"" FHD Gaming Laptop",https://www.startech.com.bd/lenovo-loq-15iax9e-core-i7-12th-gen-gaming-laptop,130000,11.77528972943772,Lenovo,Intel,16,512,FALSE
"Dell Latitude 5450 Core Ultra 5 125U 16GB RAM 14"" FHD Laptop",https://www.startech.com.bd/dell-latitude-5450-laptop,105000,11.56171562913966,Dell,Intel,16,512,FALSE
"Gigabyte G5 MF5 Core i7 13th Gen RTX 4050 6GB Graphics 15.6"" FHD 144Hz Gaming Laptop",https://www.startech.com.bd/gigabyte-g5-mf5-core-i7-13th-gen-laptop,134000,11.805595078933049,Gigabyte,Intel,16,1024,FALSE
"Acer Aspire 3 A325-53 Core i3 13th Gen 15.6"" FHD Laptop",https://www.startech.com.bd/acer-aspire-3-a325-53-core-i3-1305u-laptop,54000,10.896739325546411,Acer,Intel,8,512,FALSE
"Acer Aspire Lite-AL15-31 Intel N100 15.6"" FHD Laptop",https://www.startech.com.bd/acer-aspire-lite-al15-31-intel-n100-laptop,39700,10.589106466675283,Acer,Intel,8,512,FALSE
"Lenovo LOQ 15IRX9 Core i7 13th Gen RTX 3050 6GB Graphics 15.6"" FHD Gaming Laptop",https://www.startech.com.bd/lenovo-loq-15irx9-core-i7-13th-gen-gaming-laptop,136500,11.824079893607152,Lenovo,Intel,4,512,FALSE
"Asus V16 V3607VU Core 5 210H RTX 4050 6GB Graphics 16"" WUXGA 144Hz Gaming Laptop",https://www.startech.com.bd/asus-v16-v3607vu-core-5-gaming-laptop,129000,11.76756768334381,ASUS,Intel,16,512,FALSE
"Walton ACC KARONDA GX713H Core i7 13th Gen RTX 4050 6GB Graphics 15.3"" 2.5K Gaming Laptop",https://www.startech.com.bd/walton-acc-karonda-gx713h-core-i7-13th-gen-laptop,137750,11.83319572701516,Walton,Intel,16,1024,FALSE
"MSI VenturePro 15 A2RWEG Core 5 210H RTX 5050 8GB Graphics 15.6"" FHD Gaming Laptop",https://www.startech.com.bd/msi-venturepro-15-a2rweg-laptop,144900,11.883799128308773,MSI,Intel,16,512,FALSE
"Lenovo Yoga Slim 7 14IMH9 Core Ultra 5 125H 14"" WUXGA OLED Laptop",https://www.startech.com.bd/lenovo-yoga-slim-7-14imh9-laptop,148000,11.904967552746252,Lenovo,Intel,16,512,FALSE
"Lenovo LOQ 15IRX9 Core i7 13th Gen RTX 4050 6GB Graphics 15.6"" FHD AI Powered Gaming Laptop",https://www.startech.com.bd/lenovo-loq-15irx9-core-i7-13th-gen-fhd-gaming-laptop,148500,11.908340237224891,Lenovo,Intel,16,1024,FALSE
"HP Envy x360 2-in-1 14-fc0147TU Core Ultra 7 14"" Touch Laptop",https://www.startech.com.bd/hp-envy-x360-2-in-1-14-fc0147tu-core-ultra-7-laptop,147000,11.898187865760873,HP,Intel,16,1024,FALSE
"Acer Swift Go 14 SFG14-73 Core Ultra 7 155H 14"" WQXGA+ OLED AI Laptop",https://www.startech.com.bd/acer-swift-go-14-sfg14-73-core-ultra-7-laptop,146000,11.891361900690473,Acer,Intel,16,1024,FALSE
"ASUS TUF Gaming F16 FX607VU Core 5 210H RTX 4050 6GB Graphics 16"" WUXGA Gaming Laptop",https://www.startech.com.bd/asus-tuf-gaming-f16-fx607vb-core-5-rtx-4050-gaming-laptop,148000,11.904967552746252,ASUS,Intel,16,512,FALSE
"Gigabyte A16 GA6H Core i7 13th Gen 16"" FHD+ WUXGA Nvidia RTX 5050 Gaming Laptop",https://www.startech.com.bd/gigabyte-gaming-a16-ga6h-cmh-core-i7-laptop,136000,11.820410164718188,Gigabyte,Intel,16,512,FALSE
"ASUS Zenbook 14 OLED UX3405CA Core Ultra 5 225H 14"" WUXGA Touch Laptop Ponder Blue",https://www.startech.com.bd/asus-zenbook-14-oled-ux3405ca-core-ultra-5-225h-laptop,150000,11.918390573078392,ASUS,Intel,16,512,FALSE
"ASUS Zenbook 14 OLED UX3405CA Core Ultra 5 225H 14"" WUXGA Touch Laptop",https://www.startech.com.bd/asus-zenbook-14-oled-ux3405ca-core-ultra-5-laptop,150000,11.918390573078392,ASUS,Intel,16,512,FALSE
"MacBook Air M4 Chip 13-inch (10‑core CPU, 10 core GPU)",https://www.startech.com.bd/macbook-air-m4-13-inch-10-core-gpu,155000,11.951180395901384,Apple,Apple,16,512,FALSE
MacBook Air M4 Chip 15-inch,https://www.startech.com.bd/apple-macbook-air-m4-15-inch,149000,11.911701584927597,Apple,Apple,16,512,FALSE
"ASUS Vivobook S 16 OLED M5606KA Ryzen AI 5 340 3K OLED Copilot+PC 16"" Laptop",https://www.startech.com.bd/asus-vivobook-s-16-oled-m5606ka-ryzen-ai-5-laptop,160000,11.982929094215963,ASUS,AMD,16,512,FALSE
"ASUS Vivobook S 16 OLED M5606KA Ryzen AI 5 340 3K OLED Copilot+PC 16"" Laptop Cool Silver",https://www.startech.com.bd/asus-vivobook-s-16-oled-m5606ka-laptop,160000,11.982929094215963,ASUS,AMD,16,512,FALSE
"Asus V16 V3607VU Core 7 240H RTX 4050 6GB Graphics 16"" WUXGA 144Hz Gaming Laptop",https://www.startech.com.bd/asus-v16-v3607vu-gaming-laptop,160000,11.982929094215963,ASUS,Intel,16,512,FALSE
"Walton ACC WAXJAMBU GL714HX Core i7 14th Gen RTX 4060 8GB Graphics 16"" 2.5K 240Hz Gaming Laptop",https://www.startech.com.bd/walton-acc-waxjambu-gl714hx-gaming-laptop,162550,11.99874092573205,Walton,Intel,16,1024,FALSE
"Asus V16 V3607VH Core 7 240H RTX 5050 8GB Graphics 16"" WUXGA Gaming Laptop",https://www.startech.com.bd/asus-v16-v3607vh-laptop,164000,12.007621706806335,ASUS,Intel,16,1024,FALSE
"Lenovo Yoga 7 2-in-1 14ILL10 Core Ultra 5 228V 14"" 2.8K OLED Touch Laptop",https://www.startech.com.bd/lenovo-yoga-7-2-in-1-14ill10-laptop,168000,12.031719258385396,Lenovo,Intel,32,1024,FALSE
"MSI Katana 15 HX B14WEK Core i7 14th Gen RTX 5050 8GB Graphics 15.6"" FHD Gaming Laptop",https://www.startech.com.bd/msi-katana-15-hx-b14wek-laptop,165900,12.019140476178535,MSI,Intel,16,512,FALSE
"ASUS Vivobook S 15 OLED S5507QA Snapdragon X Elite 15.6"" Copilot+ PC Laptop",https://www.startech.com.bd/asus-vivobook-s-15-oled-s5507qa-laptop,168000,12.031719258385396,ASUS,Qualcomm,16,512,FALSE
"ASUS Vivobook 15 A1504VA Core 5 120U 15.6"" FHD Laptop",https://www.startech.com.bd/asus-vivobook-15-a1504va-core-5-120u-laptop,74500,11.218554404367652,ASUS,Intel,16,512,FALSE
"HP EliteBook 840 G11 Core Ultra 7 155U 14"" WUXGA FHD Laptop",https://www.startech.com.bd/hp-elitebook-840-g11-core-ultra-7-laptop,170000,12.043553716032399,HP,Other,16,512,FALSE
"HP OmniBook Ultra Flip x360 14-fh0103TU Core Ultra 7 256V 14"" 3K OLED Touch Laptop",https://www.startech.com.bd/hp-omnibook-ultra-flip-x360-14-fh0103tu-laptop,224000,12.319401330837177,HP,Other,16,1024,FALSE
"HP OmniBook Ultra Flip x360 14-fh0104TU Core Ultra 7 256V 14"" 3K OLED Touch Laptop",https://www.startech.com.bd/hp-omnibook-ultra-flip-x360-14-fh0104tu-laptop,224000,12.319401330837177,HP,Other,16,1024,FALSE
"ASUS TUF Gaming F16 FX608JH Core i5 RTX 5050 8GB Graphics 16"" WUXGA Gaming Laptop",https://www.startech.com.bd/asus-tuf-gaming-f16-fx608jh-laptop,170000,12.043553716032399,ASUS,Intel,16,512,FALSE
"ASUS ROG Strix G16 G614JU Core i5 13th Gen RTX 4050 6GB Graphics 16"" WUXGA Gaming Laptop",https://www.startech.com.bd/asus-rog-strix-g16-g614ju-core-i5-laptop,170000,12.043553716032399,ASUS,Intel,16,512,FALSE
"Lenovo Yoga Slim 7 14ILL10 Core Ultra 7 258V 1TB SSD 14"" WUXGA OLED Laptop",https://www.startech.com.bd/lenovo-yoga-slim-7-14ill10-core-ultra-7-laptop,175000,12.072541252905651,Lenovo,Intel,32,1024,FALSE
"ASUS Zenbook 14 OLED UX3405CA Core Ultra 7 14"" WUXGA Touch Laptop",https://www.startech.com.bd/asus-zenbook-14-ux3405ca-core-ultra-7-255h-laptop,174000,12.066810578196666,ASUS,Intel,16,512,FALSE
"Lenovo IdeaPad Pro 5 14IAH10 Core Ultra 9 285H 14"" 2.8K OLED Laptop",https://www.startech.com.bd/lenovo-ideapad-pro-5-14iah10-laptop,180000,12.100712129872347,Lenovo,Intel,32,1024,FALSE
"Lenovo Yoga 7 2-in-1 14ILL10 Core Ultra 7 258V 14"" 2.8K OLED Touch Laptop",https://www.startech.com.bd/lenovo-yoga-7-2-in-1-14ill10-core-ultra-7-laptop,180000,12.100712129872347,Lenovo,Intel,32,1024,FALSE
"Lenovo Yoga Slim 7 14ILL10 Core Ultra 7 258V 14"" WUXGA OLED Laptop",https://www.startech.com.bd/lenovo-yoga-slim-7-14ill10-laptop,185000,12.128111104060462,Lenovo,Intel,32,512,FALSE
"ASUS Zenbook A14 UX3407RA Snapdragon X Elite 14"" OLED Copilot+ PC Laptop",https://www.startech.com.bd/asus-zenbook-a14-ux3407ra-laptop,182000,12.111761966058932,ASUS,Qualcomm,16,1024,FALSE
"ASUS Zenbook A14 UX3407RA Snapdragon X Elite 14"" OLED Copilot+ PC Laptop Iceland Gray",https://www.startech.com.bd/asus-zenbook-a14-ux3407ra-laptop-iceland-gray,182000,12.111761966058932,ASUS,Qualcomm,16,1024,FALSE
"Gigabyte AERO X16 1VH AMD Ryzen AI 7 350 RTX 5060 8GB Graphics 16"" FHD+ WUXGA Gaming Laptop",https://www.startech.com.bd/gigabyte-aero-x16-1vh-gaming-laptop,185000,12.128111104060462,Gigabyte,AMD,16,1024,FALSE
"MSI Katana 15 HX B14WFK Core i7 14th Gen RTX 5060 8GB Graphics 15.6"" FHD Gaming Laptop",https://www.startech.com.bd/msi-katana-15-hx-b14wfk-laptop,185900,12.132964173709535,MSI,Intel,16,512,FALSE
"Lenovo Legion 5 15IRX10 Core i7 14th Gen RTX 5050 8GB Graphics 15.1"" WQXGA Gaming Laptop With RGB Backlit Keyboard",https://www.startech.com.bd/lenovo-legion-5-15irx10-14th-gen-gaming-laptop,190000,12.154779351142624,Lenovo,Intel,4,512,FALSE
"ASUS TUF Gaming A16 FA608UH Ryzen 7 260 16"" FHD+ Gaming Laptop",https://www.startech.com.bd/asus-tuf-gaming-a16-fa608uh-ryzen-7-260-laptop,187000,12.138863895836725,ASUS,AMD,16,512,FALSE
"ASUS TUF Gaming A16 FA607NUG Ryzen 7 7445HS 16"" FHD+ Gaming Laptop",https://www.startech.com.bd/asus-tuf-gaming-a16-fa607nug-laptop,142000,11.863582336583399,ASUS,AMD,16,1024,FALSE
"Dell Latitude 7450 Core Ultra 7 155U 14"" FHD+ Laptop",https://www.startech.com.bd/dell-latitude-7450-laptop,188000,12.144197241812087,Dell,Intel,16,512,FALSE
"ASUS TUF Gaming A14 FA401UH Ryzen 7 260 14"" 2.5K WQXGA Gaming Laptop",https://www.startech.com.bd/asus-tuf-gaming-a14-fa401uh-ryzen-7-260-laptop,192000,12.165250651009918,ASUS,AMD,16,512,FALSE
Microsoft Surface Laptop 7th Edition Snapdragon X Plus 12 Core Copilot+ & AI Optimized Laptop Black,https://www.startech.com.bd/microsoft-surface-laptop-7th-edition-laptop-black,195000,12.180754837545884,Microsoft,Qualcomm,16,512,FALSE
"Lenovo Yoga Pro 7 14IAH10 Core Ultra 9 285H 14.5"" 3K Touch Laptop",https://www.startech.com.bd/lenovo-yoga-pro-7-14iah10-laptop,200000,12.206072645530174,Lenovo,Intel,32,1024,FALSE
"Lenovo Yoga Slim 7 14Q8X9 Snapdragon X Elite 14.5"" 3K OLED Touch Laptop",https://www.startech.com.bd/lenovo-yoga-slim-7-14q8x9-laptop,199000,12.201060103706629,Lenovo,Qualcomm,16,512,FALSE
"ASUS TUF Gaming F16 FA608UM Ryzen 7 260 RTX 5060 8GB Graphics 16"" WUXGA Gaming Laptop",https://www.startech.com.bd/asus-tuf-gaming-f16-fa608um-laptop,202000,12.216022976383341,ASUS,AMD,16,512,FALSE
"ASUS Zenbook S 14 OLED UX5406SA Core Ultra 7 256V 14"" 3K OLED Copilot+ PC Laptop",https://www.startech.com.bd/asus-zenbook-s-14-oled-ux5406sa-core-ultra-7-oled-laptop,214000,12.273731294003989,ASUS,Intel,16,1024,FALSE
"ASUS Zenbook S 14 OLED UX5406SA Core Ultra 7 256V 14"" 3K Copilot+ PC Laptop White",https://www.startech.com.bd/asus-zenbook-s-14-oled-ux5406sa-laptop-white,214000,12.273731294003989,ASUS,Intel,16,1024,FALSE
"Lenovo ThinkPad E14 Gen 6 Core Ultra 5 125H 16GB DDR5 RAM 14"" WUXGA Laptop",https://www.startech.com.bd/lenovo-thinkpad-e14-gen-6-core-ultra-5-125h-laptop,105000,11.56171562913966,Lenovo,Intel,16,512,FALSE
"ASUS TUF Gaming F16 FX608JMR Core i7 14th Gen 16"" FHD+ Gaming Laptop",https://www.startech.com.bd/asus-tuf-gaming-f16-fx608jmr-core-i7-laptop,214000,12.273731294003989,ASUS,Other,16,1024,FALSE
"MSI Katana 15 HX B14WGK Core i7 14th Gen RTX 5070 8GB Graphics 15.6"" FHD Gaming Laptop",https://www.startech.com.bd/msi-katana-15-hx-b14wgk-core-i7-laptop,219900,12.300928176542852,MSI,Intel,16,512,FALSE
MacBook Pro M5 Chip 14-inch,https://www.startech.com.bd/apple-macbook-pro-m5,213000,12.269047444691562,Apple,Apple,16,1024,FALSE
MacBook Pro M3 Pro Chip 14-inch,https://www.startech.com.bd/macbook-pro-m3-pro,199000,12.201060103706629,Apple,Apple,8,512,FALSE
"HP OMEN 16-wf1155TX Core i7 14th Gen RTX 4070 8GB Graphics 16.1"" QHD 240Hz Gaming Laptop",https://www.startech.com.bd/hp-omen-16-wf1155tx-core-i7-14-gen-gaming-laptop,235000,12.367340793126296,HP,Intel,16,512,FALSE
MacBook Pro M4 Pro Chip 14-inch,https://www.startech.com.bd/apple-macbook-pro-m4-pro-14-inch,248000,12.421184025147118,Apple,Apple,4,1024,FALSE
"ASUS ProArt Studiobook 16 OLED H5600QM Ryzen 9 5900HX RTX 3060 6GB Graphics 16"" OLED Laptop",https://www.startech.com.bd/asus-proart-studiobook-16-oled-h5600qm-ryzen-9-5900hx-laptop,258000,12.460714863903755,ASUS,AMD,32,1024,FALSE
"Lenovo Yoga Slim 9 14ILL10 Core Ultra 7 258V 14"" 4K OLED Touch Laptop",https://www.startech.com.bd/lenovo-yoga-slim-9-14ill10-laptop,266000,12.491251587763836,Lenovo,Intel,32,1024,FALSE
"ASUS ROG Strix G16 G615LP Ultra 9 275HX 16"" FHD+ Gaming Laptop",https://www.startech.com.bd/asus-rog-strix-g16-g615lp-core-ultra-9-275hx-laptop,287000,12.567237494741757,ASUS,Intel,16,1024,TRUE
"Lenovo Legion 5 15IRX10 Core i9 14th Gen 32GB RAM RTX 5070 8GB Graphics 15.1"" WQXGA Gaming Laptop",https://www.startech.com.bd/lenovo-legion-5-15irx10-core-i9-32gb-ram-laptop,300000,12.611537753638338,Lenovo,Intel,32,1024,TRUE
"ASUS ProArt Studiobook 16 OLED H5600QR Ryzen 9 5900HX RTX 3070 8GB Graphics 16"" OLED Laptop",https://www.startech.com.bd/asus-proart-studiobook-16-oled-h5600qr-ryzen-9-5900hx-laptop,298000,12.604848765487542,ASUS,AMD,32,1024,TRUE
"Acer ALG AL15G-53 Core i5 13420H RTX 3050 6GB Graphics 15.6"" FHD Gaming Laptop",https://www.startech.com.bd/acer-alg-al15g-53-core-i5-13420h-gaming-laptop,110000,11.608235644774552,Acer,Intel,16,1024,FALSE
"ASUS ROG Strix G16 G615LP Core Ultra 9 275HX 32GB RAM 16"" 2.5K Gaming Laptop",https://www.startech.com.bd/asus-rog-strix-g16-g615lp-32gb-ram-laptop,302000,12.618182296357007,ASUS,Intel,32,1024,TRUE
MacBook Pro M4 Pro Chip 16-inch,https://www.startech.com.bd/apple-macbook-pro-m4-pro-16-inch,319000,12.672946381766982,Apple,Apple,4,512,TRUE
"MSI Prestige 13 AI+ Ukiyoe Edition A2VMG Core Ultra 9 288V 13.3"" 2.8K OLED Laptop",https://www.startech.com.bd/msi-prestige-13-ai-plus-ukiyoe-edition-a2vmg-laptop,325000,12.691580461311874,MSI,Intel,32,2048,TRUE
"ASUS ROG Strix G16 G614FR AMD Ryzen 9 9955HX3D RTX 5070 Ti 12GB Graphics 16"" FHD+ Gaming Laptop",https://www.startech.com.bd/asus-rog-strix-g16-g614fr-ryzen-9-laptop,330000,12.706847933442663,ASUS,AMD,32,1024,TRUE
"MSI Vector 16 HX AI A2XWHG Core Ultra 9 275HX RTX 5070 TI 12GB Graphics 16"" QHD+ 240Hz Gaming Laptop",https://www.startech.com.bd/msi-vector-16-hx-ai-a2xwhg-gaming-laptop,349900,12.765402678355779,MSI,Intel,32,1024,TRUE
"Lenovo Yoga Book 9 13IMU9 Core Ultra 7 155U Dual 13.3"" 2.8K AI Integrated Touch Laptop With Windows 11 Pro",https://www.startech.com.bd/lenovo-yoga-book-9-13imu9-core-ultra-7-dual-touch-laptop,366000,12.810388612383504,Lenovo,Intel,16,1024,TRUE
"Lenovo Yoga Book 9 14IAH10 Core Ultra 9 285H Dual 14"" 2.8K WQXGA+ Touch Laptop",https://www.startech.com.bd/lenovo-yoga-book-9-14iah10-laptop,386000,12.863592648446968,Lenovo,Intel,32,1024,TRUE
"Asus ROG Zephyrus G16 GU605CR Core Ultra 9 285H RTX 5070 Ti Graphics 16"" 2.5K QHD+ WQXGA Gaming Laptop",https://www.startech.com.bd/asus-rog-zephyrus-g16-gu605cr-laptop,385000,12.86099861326992,ASUS,Intel,32,1024,TRUE
"Lenovo Legion 9 16IRX9 Core i9 14th Gen RTX 4080 12GB Graphics 16"" 3.2K 165Hz Gaming Laptop",https://www.startech.com.bd/lenovo-legion-9-16irx9-core-i9-gaming-laptop,400000,12.89921982609012,Lenovo,Intel,64,2048,TRUE
"Lenovo Legion Pro 7 16IAX10H Core Ultra 9 275HX RTX 5080 16GB Graphics 16"" WQXGA Gaming Laptop",https://www.startech.com.bd/lenovo-legion-pro-7-16iax10h-gaming-laptop,416000,12.9384405392434,Lenovo,Intel,32,1024,TRUE
MacBook Pro M4 Max Chip 14-inch,https://www.startech.com.bd/apple-macbook-pro-m4-max-14-inch,415000,12.936033799212835,Apple,Apple,16,1024,TRUE
"Gigabyte AORUS MASTER 16 BYH Core Ultra 9 RTX 5080 16GB Graphics 16"" OLED Gaming Laptop",https://www.startech.com.bd/gigabyte-aorus-master-16-byh-laptop,418000,12.943236711506893,Gigabyte,Intel,32,1024,TRUE
"Lenovo Yoga 7 2-in-1 14IML9 Core Ultra 7 14"" OLED Touch Laptop",https://www.startech.com.bd/lenovo-yoga-7-2-in-1-14iml9-core-ultra-7-14-inch-touch-laptop,155000,11.951180395901384,Lenovo,Intel,16,1024,FALSE
"Lenovo Legion 9 16IRX9 Core i9 14th Gen RTX 4090 16GB Graphics 16"" 3.2K 165Hz Gaming Laptop",https://www.startech.com.bd/lenovo-legion-9-16irx9-rtx-4090-16gb-laptop,430000,12.971540487669746,Lenovo,Intel,64,2048,TRUE
"MacBook Pro M4 Max Chip 16-inch (14-core CPU, 32-core GPU)",https://www.startech.com.bd/apple-macbook-pro-m4-max-16-inch,448000,13.012548511397123,Apple,Apple,16,1024,TRUE
"MSI Vector 16 HX AI A2XWIG Core Ultra 9 275HX RTX 5080 16GB Graphics 16"" QHD+ 240Hz Gaming Laptop",https://www.startech.com.bd/msi-vector-16-hx-ai-a2xwig-gaming-laptop,449900,13.016780614829264,MSI,Intel,16,1024,TRUE
"ASUS ROG Strix SCAR 18 G835LW Core Ultra 9 275HX RTX 5080 16GB Graphics 2TB SSD 18"" 2.5K Gaming Laptop",https://www.startech.com.bd/asus-rog-strix-scar-18-g835lw-core-ultra-9-laptop,510000,13.142166004700508,ASUS,Intel,32,2048,TRUE
"MacBook Pro M4 Max Chip 16-inch (16-core CPU, 40-core GPU)",https://www.startech.com.bd/apple-macbook-pro-m4-max-16-inch-48gb,535000,13.190022025878143,Apple,Apple,4,1024,TRUE
"MSI Raider 18 HX AI A2XWIG Core Ultra 9 200HX RTX 5080 16GB Graphics 18"" UHD+ MiniLED 120Hz Gaming Laptop",https://www.startech.com.bd/msi-raider-18-hx-ai-a2xwig-gaming-laptop,629800,13.353157587649061,MSI,Intel,64,4096,TRUE
"ASUS ROG Strix SCAR 18 (2025) G835LX Core Ultra 9 RTX 5090 24GB Graphics 18"" 2.5K 240Hz Laptop",https://www.startech.com.bd/asus-rog-strix-scar-18-2025-g835lx-laptop,649900,13.38457378388244,ASUS,Intel,64,1024,TRUE
"Asus ExpertBook B1 B1403CVA Core 5 120U 14"" FHD Laptop",https://www.startech.com.bd/asus-expertbook-b1-b1403cva-core-5-120u-laptop,92000,11.429543856031177,ASUS,Intel,16,512,FALSE
"ASUS Vivobook 16X K3605VC Core i5 13th Gen 16"" WUXGA Laptop",https://www.startech.com.bd/asus-vivobook-16x-k3605vc-laptop,103000,11.542484267211773,ASUS,Intel,8,512,FALSE
"ASUS Vivobook 16X K3605VC Core i5 13th Gen 16GB RAM 16"" WUXGA Laptop",https://www.startech.com.bd/asus-vivobook-16x-k3605vc-core-i5-16gb-ram-laptop,106500,11.575900264131617,ASUS,Intel,16,512,FALSE
Chuwi GemiBook XPro Intel Celeron N100 14.1 inch Full HD Laptop,https://www.startech.com.bd/chuwi-gemibook-xpro-laptop,34000,10.4341158035983,Chuwi,Other,16,256,FALSE
"HP 14s-dq3139TU Intel Celeron N4500 14"" FHD Laptop",https://www.startech.com.bd/hp-14s-dq3139tu-intel-celeron-n4500-laptop,39500,10.584055950889214,HP,Intel,8,256,FALSE
"ASUS VivoBook S14 S3407CA Core Ultra 7 255H 14"" WUXGA Laptop",https://www.startech.com.bd/asus-vivobook-s14-s3407ca-core-ultra-7-laptop,133500,11.801856756822442,ASUS,Intel,16,1024,FALSE
"Lenovo Yoga 9 2-in-1 14ILL10 Core Ultra 7 258V 14"" 4K OLED Touch Laptop",https://www.startech.com.bd/lenovo-yoga-9-2-in-1-14ill10-laptop,261000,12.47227568630483,Lenovo,Intel,32,1024,FALSE
"Lenovo IdeaPad Slim 3 15IAH8 Core i5 12th Gen 15.6"" FHD Military Grade Laptop Abyss Blue",https://www.startech.com.bd/lenovo-ideapad-slim-3-15iah8-core-i5-12th-gen-fhd-laptop,65800,11.094375117313408,Lenovo,Intel,8,512,FALSE
"Lenovo Legion 5 15IRX10 Core i9 14th Gen RTX 5070 8GB Graphics 15.1"" WQXGA Gaming Laptop",https://www.startech.com.bd/lenovo-legion-5-15irx10-core-i9-laptop,260000,12.468436909997665,Lenovo,Intel,4,512,FALSE
"Asus Vivobook 15X OLED K3504VA Core i5 13th Gen 16GB RAM 15.6"" 2.8K OLED Laptop",https://www.startech.com.bd/asus-vivobook-15x-oled-k3504va-core-i5-13th-gen-16gb-laptop,99000,11.502875129116727,ASUS,Intel,16,512,FALSE
"Lenovo IdeaPad Slim 3i 15ITL6 Core i7 11th Gen 15.6"" FHD Laptop Abyss Blue",https://www.startech.com.bd/lenovo-ideapad-slim-3i-core-i7-11th-gen-fhd-laptop-abyss-blue,76000,11.238488619268468,Lenovo,Intel,8,512,FALSE
"Lenovo Legion Slim 7i Core i7 12th Gen RTX 3060 6GB Graphics 16"" 2.5K 165Hz Gaming Laptop",https://www.startech.com.bd/lenovo-legion-slim-7i-i7-12th-gen-gaming-laptop,165000,12.013700752882718,Lenovo,Intel,16,512,FALSE
"Lenovo Legion 5 15IRX10 Core i7 14th Gen RTX 5070 8GB Graphics 15.1"" WQXGA Gaming Laptop",https://www.startech.com.bd/lenovo-legion-5-15irx10-rtx-5070-8gb-laptop,234000,12.363076394339839,Lenovo,Intel,4,512,FALSE
"Acer Predator Helios Neo 16S AI PHN16S-71-73WM Core Ultra 7 255HX RTX 5060 8GB GDDR7 Graphics 16"" Gaming Laptop",https://www.startech.com.bd/acer-predator-helios-neo-16s-ai-phn16s-71-73wm-laptop,279900,12.542187675503545,Acer,Intel,16,1024,TRUE
Acer Predator Helios Neo 16S AI PHN16S-71 Core Ultra 7 255HX RTX 5050 8GB GDDR7 Graphics 16 Inch Gaming Laptop,https://www.startech.com.bd/acer-predator-helios-neo-16s-ai-phn16s-71-gaming-laptop,285000,12.560244459250788,Acer,Intel,16,1024,TRUE
Acer Predator Helios Neo 16S AI PHN16S-71 Core Ultra 7 255HX RTX 5070 8GB Graphics 16 Inch OLED Gaming Laptop,https://www.startech.com.bd/acer-predator-helios-neo-16s-ai-phn16s-71-rtx-5070-oled-gaming-laptop,320000,12.676076274775909,Acer,Intel,16,1024,TRUE
Acer Predator Helios Neo 16S AI PHN16S-71 Core Ultra 9 275HX RTX 5070 8GB Graphics 16 Inch OLED Gaming Laptop,https://www.startech.com.bd/acer-predator-helios-neo-16s-core-ultra-9-275hx-gaming-laptop,335000,12.721885810807203,Acer,Intel,16,1024,TRUE
Acer Predator Helios Neo 16S AI PHN16S-71 Core Ultra 9 275HX RTX 5070 8GB Graphics 32GB DDR5 RAM 16 Inch OLED Gaming Laptop,https://www.startech.com.bd/acer-predator-helios-neo-16s-core-ultra-9-32gb-ram-laptop,355000,12.779873068457553,Acer,Intel,32,1024,TRUE
Acer Predator Helios Neo 16 AI-PH16-73 Core Ultra 9 275HX RTX 5090 24GB Graphics 32GB DDR5 RAM 16 Inch OLED Gaming Laptop,https://www.startech.com.bd/acer-predator-helios-neo-16-ai-ph16-73-rtx-5090-gaming-laptop,650000,13.38472764187182,Acer,Intel,32,2048,TRUE
"Asus Vivobook S 16 Flip OLED TP3604VA Core i5 13th Gen 16"" 3.2K OLED Touch Laptop",https://www.startech.com.bd/asus-vivobook-s-16-flip-oled-tp3604va-core-i5-13th-gen-laptop,142000,11.863582336583399,ASUS,Intel,16,512,FALSE
"Acer Aspire Lite AL15-53 Core i5 1334U 15.6"" FHD Laptop",https://www.startech.com.bd/acer-aspire-lite-al15-53-core-i5-1334u-laptop,66500,11.104957226643945,Acer,Intel,8,512,FALSE
"Acer Aspire Lite AL15-53 Core i5 1334U 16GB 15.6"" FHD Laptop",https://www.startech.com.bd/acer-aspire-lite-al15-53-core-i5-16gb-laptop,70000,11.156250521031495,Acer,Intel,16,512,FALSE
"Lenovo IdeaPad Slim 3 14IAH8 Core i5 12th Gen 14"" FHD Military Grade Laptop Arctic Grey",https://www.startech.com.bd/lenovo-ideapad-slim-3-14iah8-core-i5-12th-gen-fhd-laptop,66800,11.109458359524737,Lenovo,Intel,8,512,FALSE
